<strategy_config>
  <quote>
    <ip>127.0.0.1</ip>
    <port>10001</port>
  </quote>
  <tunnel>
    <ip>127.0.0.1</ip>
    <port>10002</port>
  </tunnel>
  <accounts>
    <account>
      <name>060000008946</name>
      <cash>900000000.0</cash>
      <currency>CNY</currency>
      <rate>1</rate>
      <cash_asset>900000000.0</cash_asset>
    </account>
  </accounts>
  <strategy>
    <strategy_so>./st_so/JOE01_14_20180424_012.so</strategy_so>
    <strategy_ev_file>./st_ev/param_calendar_eos.csv</strategy_ev_file>
    <strategy_id>-1</strategy_id>
    <v_strategy_id>1090</v_strategy_id>
    <strategy_log_path>./st_log/JOE01_14_20180424_012.log</strategy_log_path>
    <st_idle_seconds>120</st_idle_seconds>
    <max_order_id>179101</max_order_id>
    <strategy_cancel_max>450</strategy_cancel_max>
    <max_accum_open_vol>10000000</max_accum_open_vol>
    <serial_strategy>./st_so/JOE01_14_20180424_012/st.so</serial_strategy>
    <strategy_name>JOE01_14_20180424_012</strategy_name>
    <strategy_outpath>/home/mycapitaltrade/output/JOE01_14_20180424_012/</strategy_outpath>

    <!-- btc config -->
    <symbol>
      <account>060000008946</account>
      <name>btc_usdt.okcoin</name>
      <exchange>OKEX</exchange>
      <expiration_date>20990101</expiration_date>
      <max_pos>1000000</max_pos>
      <yd_short_pos>0</yd_short_pos>
      <yd_short_avg_price>0</yd_short_avg_price>
      <yd_long_pos>0</yd_long_pos>
      <yd_long_avg_price>0</yd_long_avg_price>
      <td_short_pos>0</td_short_pos>
      <td_short_avg_price>0</td_short_avg_price>
      <td_long_pos>1000</td_long_pos>
      <td_long_avg_price>0</td_long_avg_price>
      <lock_pos_single_side_max_pos>0</lock_pos_single_side_max_pos>
      <max_accum_open_vol>10000000</max_accum_open_vol>
      <symbol_cancel_max>48000</symbol_cancel_max>
      <tick_size>0.01</tick_size>
      <multiple>1</multiple>
      <fee>
        <fee_by_lot>false</fee_by_lot>
        <exchange_fee>0</exchange_fee>
        <yes_exchange_fee>0</yes_exchange_fee>
        <broker_fee>0.0002</broker_fee>
        <stamp_tax>0.001</stamp_tax>
        <acc_transfer_fee>0.00002</acc_transfer_fee>
      </fee>
    </symbol>
	
  </strategy>
</strategy_config>

